operation,bytes,iterations,samples,median_seconds,q1_seconds,q3_seconds,min_seconds,max_seconds,mean_seconds,sd_seconds,median_mib_s,median_peak_rss_mib
aead,67108864,0,7,0.30061,0.30050049999999995,0.301894,0.300278,0.303178,0.301265,0.0011222074971531286,212.9004357805795,3.671875
copy,1024,0,7,0.003474,0.003377,0.003747,0.00314,0.00439,0.0036074285714285713,0.0004124717594950621,0.2811060736902706,1.5625
copy,1048576,0,7,0.004051,0.0039559999999999994,0.005072,0.003904,0.00577,0.004540142857142857,0.0008362606110082011,246.85262898049865,1.59375
copy,10485760,0,7,0.009781,0.009382999999999999,0.0108205,0.008901,0.011307,0.010056571428571429,0.0009614769640407162,1022.3903486351089,1.59375
copy,104857600,0,7,0.045302,0.044037,0.0463175,0.040121,0.046448,0.044654285714285716,0.0022786210533482557,2207.4080614542404,1.59375
dec,1024,600000,7,0.612613,0.6120545,0.6146805,0.611192,0.630224,0.615357,0.006702360529445337,0.001594093661087832,1.625
dec,1048576,600000,7,0.62017,0.6190955,0.620911,0.618845,0.647125,0.6237361428571429,0.010350863094907766,1.6124610993759776,1.625
dec,10485760,600000,7,0.668874,0.6661935,0.6699225,0.665233,0.670786,0.6681607142857142,0.0022669141811638835,14.950498898148233,1.625
dec,104857600,600000,7,1.167195,1.1657194999999998,1.1703595,1.165005,1.193548,1.1711294285714287,0.010132201551771209,85.67548695804899,1.625
enc,1024,600000,7,0.612413,0.612185,0.614503,0.611438,0.61837,0.6136567142857142,0.0025990821914851398,0.0015946142554126056,1.625
enc,1048576,600000,7,0.61843,0.6174465,0.6200745000000001,0.616399,0.638617,0.6212125714285714,0.007852182050384513,1.6169978817327748,1.625
enc,10485760,600000,7,0.66409,0.6634495,0.665188,0.662204,0.685283,0.6669788571428571,0.008154641386526884,15.058199942778842,1.625
enc,104857600,600000,7,1.142934,1.1424854999999998,1.1435475,1.141405,1.145306,1.1431015714285715,0.001245022202900127,87.49411602069762,1.625
kdf,0,100000,7,0.104172,0.104042,0.10554,0.103906,0.129486,0.108104,0.009464306296114184,,1.546875
kdf,0,300000,7,0.305487,0.3050705,0.30760149999999997,0.304876,0.308526,0.306319,0.001531502747848227,,1.546875
kdf,0,600000,7,0.608185,0.606941,0.6089249999999999,0.606445,0.609686,0.6080068571428571,0.0012559172515962732,,1.546875
kdf,0,1000000,7,1.011513,1.010103,1.015081,1.008653,1.037594,1.0154468571428572,0.010189915561124946,,1.546875
sodium,67108864,0,7,0.169247,0.1687315,0.169723,0.167016,0.190529,0.17195728571428573,0.008243975835204066,378.14555058583016,3.71875
