repetition,order,operation,bytes,iterations,seconds,user_seconds,system_seconds,peak_rss_mib
1,0,dec,1024,600000,0.620752,0.609268,0.006656,1.625
1,1,copy,1024,0,0.006932,0.001311,0.002228,1.5625
1,2,sodium,67108864,0,0.17007,0.165398,0.00266,3.71875
1,3,kdf,0,100000,0.13166,0.124305,0.002907,1.546875
1,4,copy,104857600,0,0.051586,0.00233,0.035218,1.59375
1,5,aead,67108864,0,0.307988,0.300924,0.004031,3.671875
1,6,enc,10485760,600000,0.67886,0.659764,0.010386,1.625
1,7,copy,1048576,0,0.008764,0.001166,0.0023,1.59375
1,8,kdf,0,600000,0.610884,0.605125,0.002746,1.546875
1,9,kdf,0,1000000,1.012713,1.006712,0.003885,1.546875
1,10,kdf,0,300000,0.306821,0.302867,0.002002,1.546875
1,11,dec,1048576,600000,0.643216,0.614496,0.005241,1.625
1,12,enc,104857600,600000,1.152328,1.100017,0.040103,1.625
1,13,copy,10485760,0,0.011421,0.001247,0.004705,1.59375
1,14,enc,1048576,600000,0.620565,0.611626,0.004465,1.625
1,15,dec,104857600,600000,1.185946,1.100846,0.059024,1.625
1,16,dec,10485760,600000,0.668604,0.653894,0.009194,1.625
1,17,enc,1024,600000,0.616711,0.608416,0.003433,1.625
2,0,enc,104857600,600000,1.151983,1.10366,0.042206,1.625
2,1,copy,10485760,0,0.012648,0.001285,0.006034,1.59375
2,2,enc,1048576,600000,0.666042,0.629246,0.006683,1.625
2,3,dec,10485760,600000,0.674311,0.656229,0.010271,1.625
2,4,dec,104857600,600000,1.195271,1.104046,0.070983,1.625
2,5,kdf,0,1000000,1.011919,1.006048,0.00317,1.546875
2,6,dec,1024,600000,0.612319,0.605287,0.00349,1.625
2,7,copy,104857600,0,0.04105,0.001961,0.031641,1.59375
2,8,kdf,0,100000,0.106331,0.102711,0.001644,1.546875
2,9,sodium,67108864,0,0.169851,0.165385,0.002129,3.71875
2,10,enc,1024,600000,0.610644,0.603358,0.002972,1.625
2,11,enc,10485760,600000,0.705486,0.659251,0.006756,1.625
2,12,kdf,0,300000,0.311914,0.304731,0.00377,1.546875
2,13,kdf,0,600000,0.613172,0.605939,0.004822,1.546875
2,14,dec,1048576,600000,0.628739,0.611628,0.008164,1.625
2,15,copy,1024,0,0.006526,0.001351,0.0024,1.5625
2,16,copy,1048576,0,0.006544,0.00112,0.002175,1.59375
2,17,aead,67108864,0,0.307266,0.301356,0.002985,3.671875
3,0,copy,1048576,0,0.007822,0.001276,0.002306,1.59375
3,1,aead,67108864,0,0.305084,0.299314,0.002697,3.671875
3,2,kdf,0,300000,0.310349,0.303399,0.003749,1.546875
3,3,dec,1048576,600000,0.646226,0.613542,0.007434,1.625
3,4,kdf,0,100000,0.107034,0.102383,0.001673,1.546875
3,5,kdf,0,1000000,1.030526,1.014204,0.008351,1.546875
3,6,copy,1024,0,0.007648,0.001177,0.001895,1.5625
3,7,dec,1024,600000,0.61499,0.606091,0.003478,1.625
3,8,copy,104857600,0,0.067849,0.002073,0.032461,1.578125
3,9,dec,10485760,600000,0.676041,0.6555,0.009725,1.625
3,10,sodium,67108864,0,0.169758,0.165518,0.002024,3.71875
3,11,enc,104857600,600000,1.144871,1.101076,0.038913,1.625
3,12,enc,10485760,600000,0.668283,0.655028,0.007207,1.625
3,13,copy,10485760,0,0.010175,0.001162,0.00428,1.59375
3,14,kdf,0,600000,0.609945,0.605523,0.002278,1.546875
3,15,dec,104857600,600000,1.189972,1.100896,0.057562,1.625
3,16,enc,1024,600000,0.610894,0.603812,0.003376,1.625
3,17,enc,1048576,600000,0.61607,0.607997,0.003774,1.625
4,0,dec,1024,600000,0.612709,0.603949,0.004062,1.625
4,1,enc,10485760,600000,0.692965,0.659492,0.009694,1.625
4,2,kdf,0,100000,0.105847,0.102329,0.001645,1.546875
4,3,enc,1024,600000,0.614055,0.605365,0.004994,1.625
4,4,dec,10485760,600000,0.672047,0.65284,0.010943,1.625
4,5,aead,67108864,0,0.305324,0.29865,0.003002,3.671875
4,6,copy,1024,0,0.005981,0.001248,0.002075,1.5625
4,7,copy,104857600,0,0.03993,0.001798,0.030305,1.59375
4,8,kdf,0,1000000,1.012081,1.005704,0.004476,1.546875
4,9,sodium,67108864,0,0.169721,0.164626,0.002007,3.71875
4,10,kdf,0,300000,0.3085,0.304491,0.002034,1.546875
4,11,copy,1048576,0,0.007818,0.001034,0.002147,1.59375
4,12,kdf,0,600000,0.609199,0.604229,0.002725,1.546875
4,13,copy,10485760,0,0.018419,0.001263,0.004827,1.59375
4,14,dec,1048576,600000,0.624435,0.612279,0.004561,1.625
4,15,enc,104857600,600000,1.178601,1.108717,0.038932,1.625
4,16,dec,104857600,600000,1.191595,1.10195,0.061023,1.625
4,17,enc,1048576,600000,0.61601,0.608247,0.004008,1.625
5,0,kdf,0,1000000,1.020851,1.014655,0.003626,1.546875
5,1,enc,10485760,600000,0.666089,0.652681,0.007009,1.625
5,2,dec,1024,600000,0.610794,0.603986,0.003503,1.625
5,3,aead,67108864,0,0.303821,0.299145,0.002407,3.671875
5,4,sodium,67108864,0,0.169039,0.164843,0.002125,3.71875
5,5,dec,104857600,600000,1.170221,1.101424,0.060913,1.625
5,6,copy,1048576,0,0.007964,0.000992,0.00205,1.59375
5,7,copy,1024,0,0.006854,0.001117,0.002006,1.5625
5,8,enc,1024,600000,0.61313,0.60619,0.003448,1.625
5,9,kdf,0,100000,0.105469,0.102056,0.001592,1.546875
5,10,enc,104857600,600000,1.14728,1.101626,0.039046,1.625
5,11,kdf,0,600000,0.608891,0.603545,0.002549,1.546875
5,12,copy,10485760,0,0.01321,0.001078,0.004682,1.59375
5,13,copy,104857600,0,0.041419,0.002063,0.031962,1.59375
5,14,dec,10485760,600000,0.675873,0.654121,0.009718,1.625
5,15,dec,1048576,600000,0.622803,0.611236,0.004127,1.625
5,16,kdf,0,300000,0.308751,0.304464,0.002223,1.546875
5,17,enc,1048576,600000,0.615893,0.608262,0.00378,1.625
6,0,kdf,0,1000000,1.01045,1.005425,0.003275,1.546875
6,1,dec,10485760,600000,0.669965,0.654705,0.010827,1.625
6,2,kdf,0,100000,0.107406,0.103404,0.001859,1.546875
6,3,copy,10485760,0,0.016468,0.001351,0.007483,1.59375
6,4,aead,67108864,0,0.304562,0.299496,0.002008,3.671875
6,5,dec,104857600,600000,1.17608,1.105563,0.063717,1.625
6,6,kdf,0,600000,0.607633,0.60331,0.002,1.546875
6,7,enc,1048576,600000,0.617221,0.608358,0.00335,1.625
6,8,copy,104857600,0,0.037192,0.001817,0.02959,1.59375
6,9,dec,1048576,600000,0.616854,0.608959,0.003998,1.625
6,10,dec,1024,600000,0.612515,0.603658,0.003518,1.625
6,11,copy,1024,0,0.008655,0.001372,0.002342,1.5625
6,12,copy,1048576,0,0.008316,0.001128,0.002175,1.59375
6,13,enc,10485760,600000,0.667047,0.656132,0.006832,1.625
6,14,kdf,0,300000,0.306955,0.302653,0.001968,1.546875
6,15,enc,104857600,600000,1.147432,1.101827,0.039147,1.625
6,16,sodium,67108864,0,0.170335,0.165689,0.002424,3.703125
6,17,enc,1024,600000,0.609748,0.603165,0.003262,1.625
7,0,enc,104857600,600000,1.159763,1.103954,0.039674,1.625
7,1,dec,1048576,600000,0.619373,0.60952,0.004012,1.625
7,2,copy,104857600,0,0.038794,0.002059,0.031305,1.59375
7,3,copy,1024,0,0.005673,0.001167,0.001867,1.5625
7,4,kdf,0,100000,0.109145,0.104654,0.001674,1.546875
7,5,copy,10485760,0,0.013728,0.001208,0.005113,1.59375
7,6,enc,10485760,600000,0.66972,0.656743,0.00769,1.625
7,7,aead,67108864,0,0.301274,0.297979,0.001764,3.671875
7,8,kdf,0,600000,0.609674,0.605271,0.002076,1.546875
7,9,dec,1024,600000,0.610561,0.604021,0.003393,1.625
7,10,enc,1024,600000,0.635292,0.609064,0.002807,1.625
7,11,enc,1048576,600000,0.619337,0.60998,0.00379,1.625
7,12,kdf,0,300000,0.306254,0.302369,0.001879,1.546875
7,13,dec,104857600,600000,1.163275,1.1012,0.057448,1.625
7,14,copy,1048576,0,0.005827,0.001006,0.001931,1.59375
7,15,dec,10485760,600000,0.674288,0.654633,0.010287,1.625
7,16,sodium,67108864,0,0.170182,0.165606,0.002225,3.71875
7,17,kdf,0,1000000,1.010814,1.005768,0.003084,1.546875
